﻿{"cameraMode":{"drawMode":0,"name":"Shaded","section":"Shading Mode"},"sceneLighting":true,"audioPlay":false,"sceneViewState":{"showFog":true,"showMaterialUpdate":false,"showSkybox":true,"showFlares":true,"showImageEffects":true,"showParticleSystems":true},"in2DMode":false,"pivot":{"x":13.114322662353516,"y":11.157194137573243,"z":18.954452514648439},"rotation":{"x":-0.08380614966154099,"y":-0.2085747867822647,"z":0.01794157549738884,"w":-0.9742439389228821},"size":62.39247512817383,"orthographic":false}